mokshagna5124@gmail.com		
krishnabalasai123@gmail.com		
srinivas.kandagatla112004@gmail.com		
moluguvarshithkumar@gmail.com		
anjanaandurthi@gmail.com		
amanibathini28@gmail.com		
reenakowsar05@gmail.com		
koppulashivap@gmail.com		
karthikreddyk762@gmail.com		
byreddiganesh768@gmail.com		
saicharanmargala143@gmail.com		
reddyvarsha4646@gmail.com		
naimishakasula.5@gmail.com		
mallelalikithabindu@gmail.com		
pchandralekhavarma@gmail.com		
sathvikpeddanintirao@gmail.com		
shaikzaibb99@gmail.com		
shaiksajid523@gmail.com		
saddidheerajreddy@gmail.com		
basika.koushik123@gmail.com		
gollaanil1122@gmail.com		
venkatavikas918@gmail.com		
narasimhareddybaireddy2004@gmail.com		
lingampalliganesh99@gmail.com		
nandyalalokeshwarreddy@gmail.com		
bharatdasari777@gmail.com		
avinashpaleti5@gmail.com		
kowshik8305@gmail.com		
dasarisai896@gmail.com		
keerthibudharowthula@gmail.com		
dhanalakshmigorrela798@gmail.com		
divyayarra30@gmail.com		
kavyasree9023@gmail.com		
kadalipavani61@gmail.com		
bdeepubdeepu370@gmail.com		
alapatisatwika52@gmail.com		
abilashreddyalugonda@gmail.com		
abbanaboinamaheshyadav@gmail.com		
regattesaivivek@gmail.com		
jagadeesh.vinnakota09@gmail.com		
nandinikandanathi@gmail.com		
gumpulapallavi@gmail.com		
dedeepyakotha2003@gmail.com		
skkarimullah7860@gmail.com		
derangulapavan58@gmail.com		
gedalachandrasekhar6@gmail.com